{
    "0": {
        "Ph": {
            "n_estimators": 550,
            "learning_rate": 0.020958514179787238,
            "num_leaves": 22,
            "max_depth": 9,
            "lambda_l1": 3.2738395901544525e-07,
            "lambda_l2": 1.9872680795907414e-07,
            "feature_fraction": 0.7599417238506969,
            "bagging_fraction": 0.9602014512808655,
            "bagging_freq": 1,
            "min_child_samples": 7
        },
        "Nitro": {
            "n_estimators": 250,
            "learning_rate": 0.05645707322164736,
            "num_leaves": 16,
            "max_depth": 6,
            "lambda_l1": 3.145793494976369e-07,
            "lambda_l2": 0.060460269951697065,
            "feature_fraction": 0.891355488125126,
            "bagging_fraction": 0.7572843379833117,
            "bagging_freq": 1,
            "min_child_samples": 6
        },
        "Posh Nitro": {
            "n_estimators": 500,
            "learning_rate": 0.061039046602967884,
            "num_leaves": 50,
            "max_depth": 5,
            "lambda_l1": 1.4912320914090835e-07,
            "lambda_l2": 2.5685904905470207,
            "feature_fraction": 0.9246824222190307,
            "bagging_fraction": 0.9140589930959845,
            "bagging_freq": 4,
            "min_child_samples": 5
        },
        "Pota Nitro": {
            "n_estimators": 650,
            "learning_rate": 0.09478079842426775,
            "num_leaves": 24,
            "max_depth": 10,
            "lambda_l1": 2.2340668281540388e-07,
            "lambda_l2": 2.1615068152760266e-07,
            "feature_fraction": 0.7410235983662247,
            "bagging_fraction": 0.7410094285746247,
            "bagging_freq": 4,
            "min_child_samples": 5
        },
        "Capacitity Moist": {
            "n_estimators": 600,
            "learning_rate": 0.026671306670330113,
            "num_leaves": 30,
            "max_depth": 5,
            "lambda_l1": 7.824831834821075e-05,
            "lambda_l2": 4.660061139844182e-05,
            "feature_fraction": 0.7967911336804876,
            "bagging_fraction": 0.8689311674743843,
            "bagging_freq": 3,
            "min_child_samples": 5
        },
        "Temp": {
            "n_estimators": 150,
            "learning_rate": 0.05248390246622466,
            "num_leaves": 48,
            "max_depth": 9,
            "lambda_l1": 1.1028547715595538e-07,
            "lambda_l2": 0.03803358197280695,
            "feature_fraction": 0.8601952160144748,
            "bagging_fraction": 0.9124905531830612,
            "bagging_freq": 2,
            "min_child_samples": 5
        },
        "Moist": {
            "n_estimators": 100,
            "learning_rate": 0.09858485619033461,
            "num_leaves": 22,
            "max_depth": 10,
            "lambda_l1": 0.0033952040292274427,
            "lambda_l2": 4.785395807733054,
            "feature_fraction": 0.6883834615460511,
            "bagging_fraction": 0.9909711828602943,
            "bagging_freq": 4,
            "min_child_samples": 5
        },
        "EC": {
            "n_estimators": 550,
            "learning_rate": 0.04394923592104478,
            "num_leaves": 39,
            "max_depth": 7,
            "lambda_l1": 0.0054917596205211385,
            "lambda_l2": 3.0517339825814603e-05,
            "feature_fraction": 0.6880784540651244,
            "bagging_fraction": 0.9196984312863663,
            "bagging_freq": 1,
            "min_child_samples": 5
        }
    },
    "25": {
        "Ph": {
            "n_estimators": 450,
            "learning_rate": 0.04135861741529167,
            "num_leaves": 43,
            "max_depth": 4,
            "lambda_l1": 0.0005945815118990117,
            "lambda_l2": 0.0784181990222572,
            "feature_fraction": 0.8873943928135897,
            "bagging_fraction": 0.9025463792686279,
            "bagging_freq": 4,
            "min_child_samples": 7
        },
        "Nitro": {
            "n_estimators": 600,
            "learning_rate": 0.04618456319914756,
            "num_leaves": 39,
            "max_depth": 7,
            "lambda_l1": 1.8792199354367587e-06,
            "lambda_l2": 4.4062684440619824e-06,
            "feature_fraction": 0.8357416247405836,
            "bagging_fraction": 0.6662428973184491,
            "bagging_freq": 5,
            "min_child_samples": 6
        },
        "Posh Nitro": {
            "n_estimators": 700,
            "learning_rate": 0.07639551270694933,
            "num_leaves": 25,
            "max_depth": 8,
            "lambda_l1": 0.7090085878563568,
            "lambda_l2": 1.7847520810638205e-06,
            "feature_fraction": 0.862618468190167,
            "bagging_fraction": 0.6305593336297484,
            "bagging_freq": 3,
            "min_child_samples": 7
        },
        "Pota Nitro": {
            "n_estimators": 900,
            "learning_rate": 0.04870259113160195,
            "num_leaves": 30,
            "max_depth": 7,
            "lambda_l1": 2.6008261452075714e-06,
            "lambda_l2": 0.025310596157920362,
            "feature_fraction": 0.7889814363763633,
            "bagging_fraction": 0.8272270855032008,
            "bagging_freq": 2,
            "min_child_samples": 5
        },
        "Capacitity Moist": {
            "n_estimators": 950,
            "learning_rate": 0.06658479794867168,
            "num_leaves": 18,
            "max_depth": 10,
            "lambda_l1": 0.00013366423212937125,
            "lambda_l2": 1.3977251547747137e-06,
            "feature_fraction": 0.7982997297701769,
            "bagging_fraction": 0.7559769516382695,
            "bagging_freq": 1,
            "min_child_samples": 8
        },
        "Temp": {
            "n_estimators": 850,
            "learning_rate": 0.028899080154803098,
            "num_leaves": 41,
            "max_depth": 7,
            "lambda_l1": 1.1085076282535677e-05,
            "lambda_l2": 1.6776331398018656e-05,
            "feature_fraction": 0.6970413535251437,
            "bagging_fraction": 0.9116909175077951,
            "bagging_freq": 1,
            "min_child_samples": 5
        },
        "Moist": {
            "n_estimators": 400,
            "learning_rate": 0.037570673766252095,
            "num_leaves": 20,
            "max_depth": 10,
            "lambda_l1": 0.0008640706758832415,
            "lambda_l2": 0.0013783350535032863,
            "feature_fraction": 0.7247455532285995,
            "bagging_fraction": 0.9631293041542264,
            "bagging_freq": 3,
            "min_child_samples": 5
        },
        "EC": {
            "n_estimators": 700,
            "learning_rate": 0.040396015807619486,
            "num_leaves": 42,
            "max_depth": 7,
            "lambda_l1": 5.7813507245189845e-05,
            "lambda_l2": 0.6471871758887969,
            "feature_fraction": 0.9040052947858561,
            "bagging_fraction": 0.6828828772405966,
            "bagging_freq": 4,
            "min_child_samples": 5
        }
    },
    "50": {
        "Ph": {
            "n_estimators": 1000,
            "learning_rate": 0.030015168000525068,
            "num_leaves": 49,
            "max_depth": 10,
            "lambda_l1": 0.0007086594376552787,
            "lambda_l2": 9.682148444974747e-07,
            "feature_fraction": 0.718745587396775,
            "bagging_fraction": 0.7143054756405044,
            "bagging_freq": 1,
            "min_child_samples": 5
        },
        "Nitro": {
            "n_estimators": 950,
            "learning_rate": 0.04291819481072141,
            "num_leaves": 34,
            "max_depth": 6,
            "lambda_l1": 2.433406185832798e-06,
            "lambda_l2": 1.8040841635436457e-05,
            "feature_fraction": 0.9815387205452464,
            "bagging_fraction": 0.7959057786077233,
            "bagging_freq": 2,
            "min_child_samples": 5
        },