{
    "R2": {
        "0ml": {
            "Ph": 0.5894453584676245,
            "Nitro": 0.5208901649368807,
            "Posh Nitro": 0.4694998300002192,
            "Pota Nitro": 0.4649971569226351,
            "Capacitity Moist": 0.6602857036809685,
            "Temp": 0.9638537066289042,
            "Moist": 0.408191542623052,
            "EC": 0.46332806320283837
        },
        "25ml": {
            "Ph": 0.49399132879373575,
            "Nitro": 0.6535542368256277,
            "Posh Nitro": 0.6799552110736384,
            "Pota Nitro": 0.6429996723380215,
            "Capacitity Moist": 0.9520923662812416,
            "Temp": 0.9469746141610954,
            "Moist": 0.9308293613131321,
            "EC": 0.7445227039120015
        },
        "50ml": {
            "Ph": 0.4302668345752596,
            "Nitro": 0.9529280016925021,
            "Posh Nitro": 0.9512157280170698,
            "Pota Nitro": 0.869543631145855,
            "Capacitity Moist": 0.9266044491001083,
            "Temp": 0.9528881990390582,
            "Moist": 0.8680411381088038,
            "EC": 0.9341487890090036
        }
    },
    "MAE": {
        "0ml": {
            "Ph": 0.11742861010462438,
            "Nitro": 0.002275004667229754,
            "Posh Nitro": 0.0026897532469766215,
            "Pota Nitro": 0.007136791486047312,
            "Capacitity Moist": 12.649839637360504,
            "Temp": 0.11559332743874026,
            "Moist": 0.33153979331279015,
            "EC": 0.028641669964350552
        },
        "25ml": {
            "Ph": 0.19642039812238885,
            "Nitro": 0.004408305120356413,
            "Posh Nitro": 0.005750495803782009,
            "Pota Nitro": 0.01434478678876781,
            "Capacitity Moist": 17.55194530571841,
            "Temp": 0.21242894264231352,
            "Moist": 0.7057126511994085,
            "EC": 0.07239974119914164
        },
        "50ml": {
            "Ph": 0.19380162182301516,
            "Nitro": 0.003766461442457265,
            "Posh Nitro": 0.005498620379972027,
            "Pota Nitro": 0.016324183172441928,
            "Capacitity Moist": 13.48988993752489,
            "Temp": 0.21072795298366023,
            "Moist": 0.8269273803317444,
            "EC": 0.07520196453307522
        }
    },
    "RMSE": {
        "0ml": {
            "Ph": 0.2032831456064049,
            "Nitro": 0.018234168764442043,
            "Posh Nitro": 0.02575626645309189,
            "Pota Nitro": 0.0664431631062452,
            "Capacitity Moist": 19.962152048732392,
            "Temp": 0.25754323485841785,
            "Moist": 3.1456042032328013,
            "EC": 0.2763661304383109
        },
        "25ml": {
            "Ph": 0.2889063988923265,
            "Nitro": 0.015497597598328633,
            "Posh Nitro": 0.02069005251884224,
            "Pota Nitro": 0.05421382467373169,
            "Capacitity Moist": 26.996718063201843,
            "Temp": 0.46611860573779684,
            "Moist": 1.449198008439284,
            "EC": 0.21471866198007747
        },
        "50ml": {
            "Ph": 0.27372947268057246,
            "Nitro": 0.00870718315277258,
            "Posh Nitro": 0.01186353765032464,
            "Pota Nitro": 0.04907565294051954,
            "Capacitity Moist": 19.223547252652846,
            "Temp": 0.34402006213421493,
            "Moist": 2.3733332096983095,
            "EC": 0.17523581592820275
        }
    }
}